input_filename	cv_fold	roc_score
GSE10358/GSE10358.tsv	1	0.9292929292929293
GSE10358/GSE10358.tsv	2	0.920875420875421
GSE10358/GSE10358.tsv	3	0.9023569023569024
GSE10358/GSE10358.tsv	4	0.9814814814814815
GSE10358/GSE10358.tsv	5	0.96875
