input_filename	cv_fold	roc_score
GSE10358/GSE10358.tsv	1	0.8653198653198653
GSE10358/GSE10358.tsv	2	1.0
GSE10358/GSE10358.tsv	3	0.9382716049382716
GSE10358/GSE10358.tsv	4	0.962962962962963
GSE10358/GSE10358.tsv	5	0.943287037037037
