input_filename	cv_fold	roc_score
GSE10358/GSE10358.tsv	1	0.8574635241301908
GSE10358/GSE10358.tsv	2	1.0
GSE10358/GSE10358.tsv	3	0.9528619528619529
GSE10358/GSE10358.tsv	4	1.0
GSE10358/GSE10358.tsv	5	0.9652777777777778
