input_filename	cv_fold	roc_score
GSE10358/GSE10358.tsv	1	0.8653198653198653
GSE10358/GSE10358.tsv	2	1.0
GSE10358/GSE10358.tsv	3	0.9393939393939394
GSE10358/GSE10358.tsv	4	0.9640852974186308
GSE10358/GSE10358.tsv	5	0.9421296296296297
