input_filename	cv_fold	roc_score
GSE10358/GSE10358.tsv	1	0.8529741863075196
GSE10358/GSE10358.tsv	2	1.0
GSE10358/GSE10358.tsv	3	0.9607182940516273
GSE10358/GSE10358.tsv	4	1.0
GSE10358/GSE10358.tsv	5	0.9606481481481481
