input_filename	cv_fold	roc_score
GSE10358/GSE10358.tsv	1	0.8305274971941639
GSE10358/GSE10358.tsv	2	0.9865319865319866
GSE10358/GSE10358.tsv	3	0.8496071829405163
GSE10358/GSE10358.tsv	4	0.9180695847362514
GSE10358/GSE10358.tsv	5	0.9444444444444445
