input_filename	cv_fold	roc_score
GSE10358/GSE10358.tsv	1	0.9977553310886644
GSE10358/GSE10358.tsv	2	0.936026936026936
GSE10358/GSE10358.tsv	3	0.9562289562289562
GSE10358/GSE10358.tsv	4	0.894500561167228
GSE10358/GSE10358.tsv	5	1.0
