input_filename	cv_fold	roc_score
GSE10358/GSE10358.tsv	1	0.8641975308641975
GSE10358/GSE10358.tsv	2	1.0
GSE10358/GSE10358.tsv	3	0.9730639730639731
GSE10358/GSE10358.tsv	4	1.0
GSE10358/GSE10358.tsv	5	0.9675925925925927
